﻿<?xml version="1.0" encoding="utf-8"?>
<session>
  <results>
    <result index="0" success="True" responseTime="0.3470198" accuracy="0.6710818" />
    <result index="1" success="True" responseTime="0.2320132" accuracy="0.841462" />
    <result index="2" success="True" responseTime="0.2320132" accuracy="0.841462" />
    <result index="3" success="True" responseTime="0.2480142" accuracy="0.8177568" />
    <result index="4" success="True" responseTime="0.2480142" accuracy="0.8177568" />
    <result index="5" success="True" responseTime="0.1990114" accuracy="0.8903535" />
    <result index="6" success="True" responseTime="0.2150123" accuracy="0.8666484" />
    <result index="7" success="True" responseTime="0.2480141" accuracy="0.8177569" />
    <result index="8" success="True" responseTime="0.2820161" accuracy="0.7673836" />
  </results>
  <settings>
    <general gameType="React" shuffle="True" />
    <react guessTimeLimit="0.125" responseTimeLimit="0.8" duration="1" />
  </settings>
  <trials>
    <trial index="0" delay="0.2" duration="1" />
    <trial index="1" delay="0.5" duration="1" />
    <trial index="2" delay="1" duration="1" />
    <trial index="3" delay="0.3" duration="1" />
    <trial index="4" delay="1" duration="1" />
    <trial index="5" delay="0.5" duration="1" />
    <trial index="6" delay="0.5" duration="1" />
    <trial index="7" delay="1" duration="1" />
    <trial index="8" delay="0.3" duration="1" />
  </trials>
</session>