﻿<?xml version="1.0" encoding="utf-8"?>
<session>
  <results>
    <result index="0" success="True" responseTime="0.3970227" accuracy="0.5970034" />
    <result index="1" success="True" responseTime="0.315018" accuracy="0.7184919" />
    <result index="2" success="True" responseTime="0.315018" accuracy="0.7184919" />
    <result index="3" success="True" responseTime="0.2320133" accuracy="0.8414618" />
    <result index="4" success="True" responseTime="0.3980228" accuracy="0.5955218" />
    <result index="5" success="True" responseTime="0.2650152" accuracy="0.7925701" />
    <result index="6" success="True" responseTime="0.2160123" accuracy="0.865167" />
    <result index="7" success="True" responseTime="0.2320132" accuracy="0.841462" />
    <result index="8" success="True" responseTime="0.2820161" accuracy="0.7673836" />
  </results>
  <settings>
    <general gameType="React" shuffle="True" />
    <react guessTimeLimit="0.125" responseTimeLimit="0.8" duration="1" />
  </settings>
  <trials>
    <trial index="0" delay="0.5" duration="1" />
    <trial index="1" delay="0.3" duration="1" />
    <trial index="2" delay="1" duration="1" />
    <trial index="3" delay="0.5" duration="1" />
    <trial index="4" delay="1" duration="1" />
    <trial index="5" delay="0.3" duration="1" />
    <trial index="6" delay="0.5" duration="1" />
    <trial index="7" delay="1" duration="1" />
    <trial index="8" delay="0.2" duration="1" />
  </trials>
</session>