﻿<?xml version="1.0" encoding="utf-8"?>
<session>
  <results>
    <result index="0" success="True" responseTime="0.2420138" accuracy="0.8266462" />
    <result index="1" success="True" responseTime="0.2490143" accuracy="0.8162751" />
    <result index="2" success="True" responseTime="0.2010115" accuracy="0.8873904" />
    <result index="3" success="True" responseTime="0.2180124" accuracy="0.8622038" />
    <result index="4" success="True" responseTime="0.2150123" accuracy="0.8666484" />
    <result index="5" success="True" responseTime="0.3350192" accuracy="0.6888605" />
    <result index="6" success="True" responseTime="0.2650151" accuracy="0.7925702" />
    <result index="7" success="True" responseTime="0.3200183" accuracy="0.711084" />
    <result index="8" success="True" responseTime="0.2240128" accuracy="0.8533143" />
  </results>
  <settings>
    <general gameType="React" shuffle="True" />
    <react guessTimeLimit="0.125" responseTimeLimit="0.8" duration="1" />
  </settings>
  <trials>
    <trial index="0" delay="0.5" duration="1" />
    <trial index="1" delay="0.3" duration="1" />
    <trial index="2" delay="1" duration="1" />
    <trial index="3" delay="0.5" duration="1" />
    <trial index="4" delay="1" duration="1" />
    <trial index="5" delay="0.2" duration="1" />
    <trial index="6" delay="0.5" duration="1" />
    <trial index="7" delay="0.3" duration="1" />
    <trial index="8" delay="1" duration="1" />
  </trials>
</session>